api,pair,interval,from,to,n,missing,id
fapi,ACEUSDT,15m,2023-12-18T10:00:00Z,2024-10-01T13:30:00Z,27663,0,ACEUSDT-fapi-15m
fapi,ACEUSDT,1M,2023-12-01T00:00:00Z,2024-10-01T00:00:00Z,11,0,ACEUSDT-fapi-1M
fapi,ACEUSDT,1d,2023-12-18T00:00:00Z,2024-10-01T00:00:00Z,289,0,ACEUSDT-fapi-1d
fapi,ACEUSDT,1h,2023-12-18T10:00:00Z,2024-10-01T13:00:00Z,6916,0,ACEUSDT-fapi-1h
fapi,ACEUSDT,1w,2023-12-18T00:00:00Z,2024-09-30T00:00:00Z,42,0,ACEUSDT-fapi-1w
fapi,ACEUSDT,30m,2023-12-18T10:00:00Z,2024-10-01T13:30:00Z,13832,0,ACEUSDT-fapi-30m
fapi,ACEUSDT,4h,2023-12-18T08:00:00Z,2024-10-01T12:00:00Z,1730,0,ACEUSDT-fapi-4h
fapi,ACEUSDT,5m,2023-12-18T10:00:00Z,2024-10-01T13:30:00Z,82987,0,ACEUSDT-fapi-5m
fapi,ADAUSDT,15m,2020-01-31T08:00:00Z,2024-10-01T13:30:00Z,163703,0,ADAUSDT-fapi-15m
fapi,ADAUSDT,1M,2020-01-01T00:00:00Z,2024-10-01T00:00:00Z,58,0,ADAUSDT-fapi-1M
fapi,ADAUSDT,1d,2020-01-31T00:00:00Z,2024-10-01T00:00:00Z,1706,0,ADAUSDT-fapi-1d
fapi,ADAUSDT,1h,2020-01-31T08:00:00Z,2024-10-01T13:00:00Z,40926,0,ADAUSDT-fapi-1h
fapi,ADAUSDT,1w,2020-01-27T00:00:00Z,2024-09-30T00:00:00Z,245,0,ADAUSDT-fapi-1w
fapi,ADAUSDT,30m,2020-01-31T08:00:00Z,2024-10-01T13:30:00Z,81852,0,ADAUSDT-fapi-30m
fapi,ADAUSDT,4h,2020-01-31T08:00:00Z,2024-10-01T12:00:00Z,10232,0,ADAUSDT-fapi-4h
fapi,ADAUSDT,5m,2020-01-31T08:00:00Z,2024-10-01T13:30:00Z,491107,0,ADAUSDT-fapi-5m
fapi,AIUSDT,15m,2024-01-08T12:30:00Z,2024-10-01T13:30:00Z,25637,0,AIUSDT-fapi-15m
fapi,AIUSDT,1M,2024-01-01T00:00:00Z,2024-10-01T00:00:00Z,10,0,AIUSDT-fapi-1M
fapi,AIUSDT,1d,2024-01-08T00:00:00Z,2024-10-01T00:00:00Z,268,0,AIUSDT-fapi-1d
fapi,AIUSDT,1h,2024-01-08T12:00:00Z,2024-10-01T13:00:00Z,6410,0,AIUSDT-fapi-1h
fapi,AIUSDT,1w,2024-01-08T00:00:00Z,2024-09-30T00:00:00Z,39,0,AIUSDT-fapi-1w
fapi,AIUSDT,30m,2024-01-08T12:30:00Z,2024-10-01T13:30:00Z,12819,0,AIUSDT-fapi-30m
fapi,AIUSDT,4h,2024-01-08T12:00:00Z,2024-10-01T12:00:00Z,1603,0,AIUSDT-fapi-4h
fapi,AIUSDT,5m,2024-01-08T12:30:00Z,2024-10-01T13:30:00Z,76909,0,AIUSDT-fapi-5m
fapi,ALTUSDT,15m,2024-01-25T14:00:00Z,2024-10-01T13:30:00Z,23999,0,ALTUSDT-fapi-15m
fapi,ALTUSDT,1M,2024-01-01T00:00:00Z,2024-10-01T00:00:00Z,10,0,ALTUSDT-fapi-1M
fapi,ALTUSDT,1d,2024-01-25T00:00:00Z,2024-10-01T00:00:00Z,251,0,ALTUSDT-fapi-1d
fapi,ALTUSDT,1h,2024-01-25T14:00:00Z,2024-10-01T13:00:00Z,6000,0,ALTUSDT-fapi-1h
fapi,ALTUSDT,1w,2024-01-22T00:00:00Z,2024-09-30T00:00:00Z,37,0,ALTUSDT-fapi-1w
fapi,ALTUSDT,30m,2024-01-25T14:00:00Z,2024-10-01T13:30:00Z,12000,0,ALTUSDT-fapi-30m
fapi,ALTUSDT,4h,2024-01-25T12:00:00Z,2024-10-01T12:00:00Z,1501,0,ALTUSDT-fapi-4h
fapi,ALTUSDT,5m,2024-01-25T14:00:00Z,2024-10-01T13:30:00Z,71995,0,ALTUSDT-fapi-5m
fapi,ATOMUSDT,15m,2020-02-07T12:00:00Z,2024-10-01T13:30:00Z,163015,0,ATOMUSDT-fapi-15m
fapi,ATOMUSDT,1M,2020-02-01T00:00:00Z,2024-10-01T00:00:00Z,57,0,ATOMUSDT-fapi-1M
fapi,ATOMUSDT,1d,2020-02-07T00:00:00Z,2024-10-01T00:00:00Z,1699,0,ATOMUSDT-fapi-1d
fapi,ATOMUSDT,1h,2020-02-07T12:00:00Z,2024-10-01T13:00:00Z,40754,0,ATOMUSDT-fapi-1h
fapi,ATOMUSDT,1w,2020-02-03T00:00:00Z,2024-09-30T00:00:00Z,244,0,ATOMUSDT-fapi-1w
fapi,ATOMUSDT,30m,2020-02-07T12:00:00Z,2024-10-01T13:30:00Z,81508,0,ATOMUSDT-fapi-30m
fapi,ATOMUSDT,4h,2020-02-07T12:00:00Z,2024-10-01T12:00:00Z,10189,0,ATOMUSDT-fapi-4h
fapi,ATOMUSDT,5m,2020-02-07T12:10:00Z,2024-10-01T13:30:00Z,489041,0,ATOMUSDT-fapi-5m
fapi,AVAXUSDT,15m,2020-09-23T07:00:00Z,2024-10-01T13:30:00Z,141051,0,AVAXUSDT-fapi-15m
fapi,AVAXUSDT,1M,2020-09-01T00:00:00Z,2024-10-01T00:00:00Z,50,0,AVAXUSDT-fapi-1M
fapi,AVAXUSDT,1d,2020-09-23T00:00:00Z,2024-10-01T00:00:00Z,1470,0,AVAXUSDT-fapi-1d
fapi,AVAXUSDT,1h,2020-09-23T07:00:00Z,2024-10-01T13:00:00Z,35263,0,AVAXUSDT-fapi-1h
fapi,AVAXUSDT,1w,2020-09-21T00:00:00Z,2024-09-30T00:00:00Z,211,0,AVAXUSDT-fapi-1w
fapi,AVAXUSDT,30m,2020-09-23T07:00:00Z,2024-10-01T13:30:00Z,70526,0,AVAXUSDT-fapi-30m
fapi,AVAXUSDT,4h,2020-09-23T04:00:00Z,2024-10-01T12:00:00Z,8817,0,AVAXUSDT-fapi-4h
fapi,AVAXUSDT,5m,2020-09-23T07:00:00Z,2024-10-01T13:30:00Z,423151,0,AVAXUSDT-fapi-5m
fapi,BNBUSDT,15m,2020-02-10T08:00:00Z,2024-10-01T13:30:00Z,162743,0,BNBUSDT-fapi-15m
fapi,BNBUSDT,1M,2020-02-01T00:00:00Z,2024-10-01T00:00:00Z,57,0,BNBUSDT-fapi-1M
fapi,BNBUSDT,1d,2020-02-10T00:00:00Z,2024-10-01T00:00:00Z,1696,0,BNBUSDT-fapi-1d
fapi,BNBUSDT,1h,2020-02-10T08:00:00Z,2024-10-01T13:00:00Z,40686,0,BNBUSDT-fapi-1h
fapi,BNBUSDT,1w,2020-02-10T00:00:00Z,2024-09-30T00:00:00Z,243,0,BNBUSDT-fapi-1w
fapi,BNBUSDT,30m,2020-02-10T08:00:00Z,2024-10-01T13:30:00Z,81372,0,BNBUSDT-fapi-30m
fapi,BNBUSDT,4h,2020-02-10T08:00:00Z,2024-10-01T12:00:00Z,10172,0,BNBUSDT-fapi-4h
fapi,BNBUSDT,5m,2020-02-10T08:00:00Z,2024-10-01T13:30:00Z,488227,0,BNBUSDT-fapi-5m
fapi,BTCUSDT,15m,2019-09-08T17:45:00Z,2024-10-01T13:30:00Z,177584,0,BTCUSDT-fapi-15m
fapi,BTCUSDT,1M,2019-09-01T00:00:00Z,2024-10-01T00:00:00Z,62,0,BTCUSDT-fapi-1M
fapi,BTCUSDT,1d,2019-09-08T00:00:00Z,2024-10-01T00:00:00Z,1851,0,BTCUSDT-fapi-1d
fapi,BTCUSDT,1h,2019-09-08T17:00:00Z,2024-10-01T13:00:00Z,44397,0,BTCUSDT-fapi-1h
fapi,BTCUSDT,1w,2019-09-02T00:00:00Z,2024-09-30T00:00:00Z,266,0,BTCUSDT-fapi-1w
fapi,BTCUSDT,30m,2019-09-08T17:30:00Z,2024-10-01T13:30:00Z,88793,0,BTCUSDT-fapi-30m
fapi,BTCUSDT,4h,2019-09-08T16:00:00Z,2024-10-01T12:00:00Z,11100,0,BTCUSDT-fapi-4h
fapi,BTCUSDT,5m,2019-09-08T17:55:00Z,2024-10-01T13:30:00Z,532748,0,BTCUSDT-fapi-5m
fapi,DOGEUSDT,15m,2020-07-10T09:00:00Z,2024-10-01T13:30:00Z,148243,0,DOGEUSDT-fapi-15m
fapi,DOGEUSDT,1M,2020-07-01T00:00:00Z,2024-10-01T00:00:00Z,52,0,DOGEUSDT-fapi-1M
fapi,DOGEUSDT,1d,2020-07-10T00:00:00Z,2024-10-01T00:00:00Z,1545,0,DOGEUSDT-fapi-1d
fapi,DOGEUSDT,1h,2020-07-10T09:00:00Z,2024-10-01T13:00:00Z,37061,0,DOGEUSDT-fapi-1h
fapi,DOGEUSDT,1w,2020-07-06T00:00:00Z,2024-09-30T00:00:00Z,222,0,DOGEUSDT-fapi-1w
fapi,DOGEUSDT,30m,2020-07-10T09:00:00Z,2024-10-01T13:30:00Z,74122,0,DOGEUSDT-fapi-30m
fapi,DOGEUSDT,4h,2020-07-10T08:00:00Z,2024-10-01T12:00:00Z,9266,0,DOGEUSDT-fapi-4h
fapi,DOGEUSDT,5m,2020-07-10T09:00:00Z,2024-10-01T13:30:00Z,444727,0,DOGEUSDT-fapi-5m
fapi,DYMUSDT,15m,2024-02-07T07:00:00Z,2024-10-01T13:30:00Z,22779,0,DYMUSDT-fapi-15m
fapi,DYMUSDT,1M,2024-02-01T00:00:00Z,2024-10-01T00:00:00Z,9,0,DYMUSDT-fapi-1M
fapi,DYMUSDT,1d,2024-02-07T00:00:00Z,2024-10-01T00:00:00Z,238,0,DYMUSDT-fapi-1d
fapi,DYMUSDT,1h,2024-02-07T07:00:00Z,2024-10-01T13:00:00Z,5695,0,DYMUSDT-fapi-1h
fapi,DYMUSDT,1w,2024-02-05T00:00:00Z,2024-09-30T00:00:00Z,35,0,DYMUSDT-fapi-1w
fapi,DYMUSDT,30m,2024-02-07T07:00:00Z,2024-10-01T13:30:00Z,11390,0,DYMUSDT-fapi-30m
fapi,DYMUSDT,4h,2024-02-07T04:00:00Z,2024-10-01T12:00:00Z,1425,0,DYMUSDT-fapi-4h
fapi,DYMUSDT,5m,2024-02-07T07:00:00Z,2024-10-01T13:30:00Z,68335,0,DYMUSDT-fapi-5m
fapi,EDUUSDT,15m,2023-04-30T12:00:00Z,2024-10-01T13:30:00Z,49927,0,EDUUSDT-fapi-15m
fapi,EDUUSDT,1M,2023-04-01T00:00:00Z,2024-10-01T00:00:00Z,19,0,EDUUSDT-fapi-1M
fapi,EDUUSDT,1d,2023-04-30T00:00:00Z,2024-10-01T00:00:00Z,521,0,EDUUSDT-fapi-1d
fapi,EDUUSDT,1h,2023-04-30T12:00:00Z,2024-10-01T13:00:00Z,12482,0,EDUUSDT-fapi-1h
fapi,EDUUSDT,1w,2023-04-24T00:00:00Z,2024-09-30T00:00:00Z,76,0,EDUUSDT-fapi-1w
fapi,EDUUSDT,30m,2023-04-30T12:00:00Z,2024-10-01T13:30:00Z,24964,0,EDUUSDT-fapi-30m
fapi,EDUUSDT,4h,2023-04-30T12:00:00Z,2024-10-01T12:00:00Z,3121,0,EDUUSDT-fapi-4h
fapi,EDUUSDT,5m,2023-04-30T12:00:00Z,2024-10-01T13:30:00Z,149779,0,EDUUSDT-fapi-5m
fapi,EGLDUSDT,15m,2020-09-14T07:00:00Z,2024-10-01T13:30:00Z,141915,0,EGLDUSDT-fapi-15m
fapi,EGLDUSDT,1M,2020-09-01T00:00:00Z,2024-10-01T00:00:00Z,50,0,EGLDUSDT-fapi-1M
fapi,EGLDUSDT,1d,2020-09-14T00:00:00Z,2024-10-01T00:00:00Z,1479,0,EGLDUSDT-fapi-1d
fapi,EGLDUSDT,1h,2020-09-14T07:00:00Z,2024-10-01T13:00:00Z,35479,0,EGLDUSDT-fapi-1h
fapi,EGLDUSDT,1w,2020-09-14T00:00:00Z,2024-09-30T00:00:00Z,212,0,EGLDUSDT-fapi-1w
fapi,EGLDUSDT,30m,2020-09-14T07:00:00Z,2024-10-01T13:30:00Z,70958,0,EGLDUSDT-fapi-30m
fapi,EGLDUSDT,4h,2020-09-14T04:00:00Z,2024-10-01T12:00:00Z,8871,0,EGLDUSDT-fapi-4h
fapi,EGLDUSDT,5m,2020-09-14T07:00:00Z,2024-10-01T13:30:00Z,425743,0,EGLDUSDT-fapi-5m
fapi,ETHBTC,15m,2023-04-26T12:00:00Z,2024-10-01T13:30:00Z,50311,0,ETHBTC-fapi-15m
fapi,ETHBTC,1M,2023-04-01T00:00:00Z,2024-10-01T00:00:00Z,19,0,ETHBTC-fapi-1M
fapi,ETHBTC,1d,2023-04-26T00:00:00Z,2024-10-01T00:00:00Z,525,0,ETHBTC-fapi-1d
fapi,ETHBTC,1h,2023-04-26T12:00:00Z,2024-10-01T13:00:00Z,12578,0,ETHBTC-fapi-1h
fapi,ETHBTC,1w,2023-04-24T00:00:00Z,2024-09-30T00:00:00Z,76,0,ETHBTC-fapi-1w
fapi,ETHBTC,30m,2023-04-26T12:00:00Z,2024-10-01T13:30:00Z,25156,0,ETHBTC-fapi-30m
fapi,ETHBTC,4h,2023-04-26T12:00:00Z,2024-10-01T12:00:00Z,3145,0,ETHBTC-fapi-4h
fapi,ETHUSDT,15m,2019-11-27T07:45:00Z,2024-10-01T13:30:00Z,169944,0,ETHUSDT-fapi-15m
fapi,ETHUSDT,1M,2019-11-01T00:00:00Z,2024-10-01T00:00:00Z,60,0,ETHUSDT-fapi-1M
fapi,ETHUSDT,1d,2019-11-27T00:00:00Z,2024-10-01T00:00:00Z,1771,0,ETHUSDT-fapi-1d
fapi,ETHUSDT,1h,2019-11-27T07:00:00Z,2024-10-01T13:00:00Z,42487,0,ETHUSDT-fapi-1h
fapi,ETHUSDT,1w,2019-11-25T00:00:00Z,2024-09-30T00:00:00Z,254,0,ETHUSDT-fapi-1w
fapi,ETHUSDT,30m,2019-11-27T07:30:00Z,2024-10-01T13:30:00Z,84973,0,ETHUSDT-fapi-30m
fapi,ETHUSDT,4h,2019-11-27T04:00:00Z,2024-10-01T12:00:00Z,10623,0,ETHUSDT-fapi-4h
fapi,ETHUSDT,5m,2019-11-27T07:45:00Z,2024-10-01T13:30:00Z,509830,0,ETHUSDT-fapi-5m
fapi,INJUSDT,15m,2022-08-17T02:45:00Z,2024-10-01T13:30:00Z,74540,0,INJUSDT-fapi-15m
fapi,INJUSDT,1M,2022-08-01T00:00:00Z,2024-10-01T00:00:00Z,27,0,INJUSDT-fapi-1M
fapi,INJUSDT,1d,2022-08-17T00:00:00Z,2024-10-01T00:00:00Z,777,0,INJUSDT-fapi-1d
fapi,INJUSDT,1h,2022-08-17T02:00:00Z,2024-10-01T13:00:00Z,18636,0,INJUSDT-fapi-1h
fapi,INJUSDT,1w,2022-08-15T00:00:00Z,2024-09-30T00:00:00Z,112,0,INJUSDT-fapi-1w
fapi,INJUSDT,30m,2022-08-17T02:30:00Z,2024-10-01T13:30:00Z,37271,0,INJUSDT-fapi-30m
fapi,INJUSDT,4h,2022-08-17T00:00:00Z,2024-10-01T12:00:00Z,4660,0,INJUSDT-fapi-4h
fapi,INJUSDT,5m,2022-08-17T02:45:00Z,2024-10-01T13:30:00Z,223618,0,INJUSDT-fapi-5m
fapi,JUPUSDT,15m,2024-01-31T18:30:00Z,2024-10-01T13:30:00Z,23405,0,JUPUSDT-fapi-15m
fapi,JUPUSDT,1M,2024-01-01T00:00:00Z,2024-10-01T00:00:00Z,10,0,JUPUSDT-fapi-1M
fapi,JUPUSDT,1d,2024-01-31T00:00:00Z,2024-10-01T00:00:00Z,245,0,JUPUSDT-fapi-1d
fapi,JUPUSDT,1h,2024-01-31T18:00:00Z,2024-10-01T13:00:00Z,5852,0,JUPUSDT-fapi-1h
fapi,JUPUSDT,1w,2024-01-29T00:00:00Z,2024-09-30T00:00:00Z,36,0,JUPUSDT-fapi-1w
fapi,JUPUSDT,30m,2024-01-31T18:30:00Z,2024-10-01T13:30:00Z,11703,0,JUPUSDT-fapi-30m
fapi,JUPUSDT,4h,2024-01-31T16:00:00Z,2024-10-01T12:00:00Z,1464,0,JUPUSDT-fapi-4h
fapi,JUPUSDT,5m,2024-01-31T18:30:00Z,2024-10-01T13:30:00Z,70213,0,JUPUSDT-fapi-5m
fapi,MANTAUSDT,15m,2024-01-18T14:00:00Z,2024-10-01T13:30:00Z,24671,0,MANTAUSDT-fapi-15m
fapi,MANTAUSDT,1M,2024-01-01T00:00:00Z,2024-10-01T00:00:00Z,10,0,MANTAUSDT-fapi-1M
fapi,MANTAUSDT,1d,2024-01-18T00:00:00Z,2024-10-01T00:00:00Z,258,0,MANTAUSDT-fapi-1d
fapi,MANTAUSDT,1h,2024-01-18T14:00:00Z,2024-10-01T13:00:00Z,6168,0,MANTAUSDT-fapi-1h
fapi,MANTAUSDT,1w,2024-01-15T00:00:00Z,2024-09-30T00:00:00Z,38,0,MANTAUSDT-fapi-1w
fapi,MANTAUSDT,30m,2024-01-18T14:00:00Z,2024-10-01T13:30:00Z,12336,0,MANTAUSDT-fapi-30m
fapi,MANTAUSDT,4h,2024-01-18T12:00:00Z,2024-10-01T12:00:00Z,1543,0,MANTAUSDT-fapi-4h
fapi,MANTAUSDT,5m,2024-01-18T14:00:00Z,2024-10-01T13:30:00Z,74011,0,MANTAUSDT-fapi-5m
fapi,MATICUSDT,15m,2020-10-22T07:00:00Z,2024-09-11T09:30:00Z,136331,0,MATICUSDT-fapi-15m
fapi,MATICUSDT,1M,2020-10-01T00:00:00Z,2024-09-01T00:00:00Z,48,0,MATICUSDT-fapi-1M
fapi,MATICUSDT,1d,2020-10-22T00:00:00Z,2024-09-11T00:00:00Z,1421,0,MATICUSDT-fapi-1d
fapi,MATICUSDT,1h,2020-10-22T07:00:00Z,2024-09-11T09:00:00Z,34083,0,MATICUSDT-fapi-1h
fapi,MATICUSDT,1w,2020-10-19T00:00:00Z,2024-09-09T00:00:00Z,204,0,MATICUSDT-fapi-1w
fapi,MATICUSDT,30m,2020-10-22T07:00:00Z,2024-09-11T09:30:00Z,68166,0,MATICUSDT-fapi-30m
fapi,MATICUSDT,4h,2020-10-22T04:00:00Z,2024-09-11T08:00:00Z,8522,0,MATICUSDT-fapi-4h
fapi,MATICUSDT,5m,2020-10-22T07:00:00Z,2024-09-11T09:40:00Z,408993,0,MATICUSDT-fapi-5m
fapi,NFPUSDT,15m,2023-12-27T13:30:00Z,2024-10-01T13:30:00Z,26785,0,NFPUSDT-fapi-15m
fapi,NFPUSDT,1M,2023-12-01T00:00:00Z,2024-10-01T00:00:00Z,11,0,NFPUSDT-fapi-1M
fapi,NFPUSDT,1d,2023-12-27T00:00:00Z,2024-10-01T00:00:00Z,280,0,NFPUSDT-fapi-1d
fapi,NFPUSDT,1h,2023-12-27T13:00:00Z,2024-10-01T13:00:00Z,6697,0,NFPUSDT-fapi-1h
fapi,NFPUSDT,1w,2023-12-25T00:00:00Z,2024-09-30T00:00:00Z,41,0,NFPUSDT-fapi-1w
fapi,NFPUSDT,30m,2023-12-27T13:30:00Z,2024-10-01T13:30:00Z,13393,0,NFPUSDT-fapi-30m
fapi,NFPUSDT,4h,2023-12-27T12:00:00Z,2024-10-01T12:00:00Z,1675,0,NFPUSDT-fapi-4h
fapi,NFPUSDT,5m,2023-12-27T13:30:00Z,2024-10-01T13:35:00Z,80354,0,NFPUSDT-fapi-5m
fapi,SEIUSDT,15m,2023-08-17T02:30:00Z,2024-10-01T13:30:00Z,39501,0,SEIUSDT-fapi-15m
fapi,SEIUSDT,1M,2023-08-01T00:00:00Z,2024-10-01T00:00:00Z,15,0,SEIUSDT-fapi-1M
fapi,SEIUSDT,1d,2023-08-17T00:00:00Z,2024-10-01T00:00:00Z,412,0,SEIUSDT-fapi-1d
fapi,SEIUSDT,1h,2023-08-17T02:00:00Z,2024-10-01T13:00:00Z,9876,0,SEIUSDT-fapi-1h
fapi,SEIUSDT,1w,2023-08-14T00:00:00Z,2024-09-30T00:00:00Z,60,0,SEIUSDT-fapi-1w
fapi,SEIUSDT,30m,2023-08-17T02:30:00Z,2024-10-01T13:30:00Z,19751,0,SEIUSDT-fapi-30m
fapi,SEIUSDT,4h,2023-08-17T00:00:00Z,2024-10-01T12:00:00Z,2470,0,SEIUSDT-fapi-4h
fapi,SEIUSDT,5m,2023-08-17T02:30:00Z,2024-10-01T13:35:00Z,118502,0,SEIUSDT-fapi-5m
fapi,SOLUSDT,15m,2020-09-14T07:00:00Z,2024-10-01T13:30:00Z,141915,0,SOLUSDT-fapi-15m
fapi,SOLUSDT,1M,2020-09-01T00:00:00Z,2024-10-01T00:00:00Z,50,0,SOLUSDT-fapi-1M
fapi,SOLUSDT,1d,2020-09-14T00:00:00Z,2024-10-01T00:00:00Z,1479,0,SOLUSDT-fapi-1d
fapi,SOLUSDT,1h,2020-09-14T07:00:00Z,2024-10-01T13:00:00Z,35479,0,SOLUSDT-fapi-1h
fapi,SOLUSDT,1w,2020-09-14T00:00:00Z,2024-09-30T00:00:00Z,212,0,SOLUSDT-fapi-1w
fapi,SOLUSDT,30m,2020-09-14T07:00:00Z,2024-10-01T13:30:00Z,70958,0,SOLUSDT-fapi-30m
fapi,SOLUSDT,4h,2020-09-14T04:00:00Z,2024-10-01T12:00:00Z,8871,0,SOLUSDT-fapi-4h
fapi,SOLUSDT,5m,2020-09-14T07:00:00Z,2024-10-01T13:35:00Z,425744,0,SOLUSDT-fapi-5m
fapi,SUIUSDT,15m,2023-05-03T16:00:00Z,2024-10-01T13:30:00Z,49623,0,SUIUSDT-fapi-15m
fapi,SUIUSDT,1M,2023-05-01T00:00:00Z,2024-10-01T00:00:00Z,18,0,SUIUSDT-fapi-1M
fapi,SUIUSDT,1d,2023-05-03T00:00:00Z,2024-10-01T00:00:00Z,518,0,SUIUSDT-fapi-1d
fapi,SUIUSDT,1h,2023-05-03T16:00:00Z,2024-10-01T13:00:00Z,12406,0,SUIUSDT-fapi-1h
fapi,SUIUSDT,1w,2023-05-01T00:00:00Z,2024-09-30T00:00:00Z,75,0,SUIUSDT-fapi-1w
fapi,SUIUSDT,30m,2023-05-03T16:00:00Z,2024-10-01T13:30:00Z,24812,0,SUIUSDT-fapi-30m
fapi,SUIUSDT,4h,2023-05-03T16:00:00Z,2024-10-01T12:00:00Z,3102,0,SUIUSDT-fapi-4h
fapi,SUIUSDT,5m,2023-05-03T16:00:00Z,2024-10-01T13:35:00Z,148868,0,SUIUSDT-fapi-5m
fapi,TIAUSDT,15m,2023-10-31T18:00:00Z,2024-10-01T13:30:00Z,32239,0,TIAUSDT-fapi-15m
fapi,TIAUSDT,1M,2023-10-01T00:00:00Z,2024-10-01T00:00:00Z,13,0,TIAUSDT-fapi-1M
fapi,TIAUSDT,1d,2023-10-31T00:00:00Z,2024-10-01T00:00:00Z,337,0,TIAUSDT-fapi-1d
fapi,TIAUSDT,1h,2023-10-31T18:00:00Z,2024-10-01T13:00:00Z,8060,0,TIAUSDT-fapi-1h
fapi,TIAUSDT,1w,2023-10-30T00:00:00Z,2024-09-30T00:00:00Z,49,0,TIAUSDT-fapi-1w
fapi,TIAUSDT,30m,2023-10-31T18:00:00Z,2024-10-01T13:30:00Z,16120,0,TIAUSDT-fapi-30m
fapi,TIAUSDT,4h,2023-10-31T16:00:00Z,2024-10-01T12:00:00Z,2016,0,TIAUSDT-fapi-4h
fapi,TIAUSDT,5m,2023-10-31T18:00:00Z,2024-10-01T13:35:00Z,96716,0,TIAUSDT-fapi-5m
fapi,WLDUSDT,15m,2023-07-24T12:00:00Z,2024-10-01T13:30:00Z,41767,0,WLDUSDT-fapi-15m
fapi,WLDUSDT,1M,2023-07-01T00:00:00Z,2024-10-01T00:00:00Z,16,0,WLDUSDT-fapi-1M
fapi,WLDUSDT,1d,2023-07-24T00:00:00Z,2024-10-01T00:00:00Z,436,0,WLDUSDT-fapi-1d
fapi,WLDUSDT,1h,2023-07-24T12:00:00Z,2024-10-01T13:00:00Z,10442,0,WLDUSDT-fapi-1h
fapi,WLDUSDT,1w,2023-07-24T00:00:00Z,2024-09-30T00:00:00Z,63,0,WLDUSDT-fapi-1w
fapi,WLDUSDT,30m,2023-07-24T12:00:00Z,2024-10-01T13:30:00Z,20884,0,WLDUSDT-fapi-30m
fapi,WLDUSDT,4h,2023-07-24T12:00:00Z,2024-10-01T12:00:00Z,2611,0,WLDUSDT-fapi-4h
fapi,WLDUSDT,5m,2023-07-24T12:00:00Z,2024-10-01T13:35:00Z,125300,0,WLDUSDT-fapi-5m
fapi,XAIUSDT,15m,2024-01-09T14:00:00Z,2024-10-01T13:30:00Z,25535,0,XAIUSDT-fapi-15m
fapi,XAIUSDT,1M,2024-01-01T00:00:00Z,2024-10-01T00:00:00Z,10,0,XAIUSDT-fapi-1M
fapi,XAIUSDT,1d,2024-01-09T00:00:00Z,2024-10-01T00:00:00Z,267,0,XAIUSDT-fapi-1d
fapi,XAIUSDT,1h,2024-01-09T14:00:00Z,2024-10-01T13:00:00Z,6384,0,XAIUSDT-fapi-1h
fapi,XAIUSDT,1w,2024-01-08T00:00:00Z,2024-09-30T00:00:00Z,39,0,XAIUSDT-fapi-1w
fapi,XAIUSDT,30m,2024-01-09T14:00:00Z,2024-10-01T13:30:00Z,12768,0,XAIUSDT-fapi-30m
fapi,XAIUSDT,4h,2024-01-09T12:00:00Z,2024-10-01T12:00:00Z,1597,0,XAIUSDT-fapi-4h
fapi,XAIUSDT,5m,2024-01-09T14:00:00Z,2024-10-01T13:35:00Z,76604,0,XAIUSDT-fapi-5m
fapi,XRPUSDT,15m,2020-01-06T08:15:00Z,2024-10-01T13:30:00Z,166102,0,XRPUSDT-fapi-15m
fapi,XRPUSDT,1M,2020-01-01T00:00:00Z,2024-10-01T00:00:00Z,58,0,XRPUSDT-fapi-1M
fapi,XRPUSDT,1d,2020-01-06T00:00:00Z,2024-10-01T00:00:00Z,1731,0,XRPUSDT-fapi-1d
fapi,XRPUSDT,1h,2020-01-06T08:00:00Z,2024-10-01T13:00:00Z,41526,0,XRPUSDT-fapi-1h
fapi,XRPUSDT,1w,2020-01-06T00:00:00Z,2024-09-30T00:00:00Z,248,0,XRPUSDT-fapi-1w
fapi,XRPUSDT,30m,2020-01-06T08:00:00Z,2024-10-01T13:30:00Z,83052,0,XRPUSDT-fapi-30m
fapi,XRPUSDT,4h,2020-01-06T08:00:00Z,2024-10-01T12:00:00Z,10382,0,XRPUSDT-fapi-4h
fapi,XRPUSDT,5m,2020-01-06T08:20:00Z,2024-10-01T13:35:00Z,498304,0,XRPUSDT-fapi-5m
spot,ACEUSDT,15m,2023-12-18T06:00:00Z,2024-10-01T13:15:00Z,27678,0,ACEUSDT-spot-15m
spot,ACEUSDT,1M,2023-12-01T00:00:00Z,2024-10-01T00:00:00Z,11,0,ACEUSDT-spot-1M
spot,ACEUSDT,1d,2023-12-18T00:00:00Z,2024-10-01T00:00:00Z,289,0,ACEUSDT-spot-1d
spot,ACEUSDT,1h,2023-12-18T06:00:00Z,2024-10-01T13:00:00Z,6920,0,ACEUSDT-spot-1h
spot,ACEUSDT,1w,2023-12-18T00:00:00Z,2024-09-30T00:00:00Z,42,0,ACEUSDT-spot-1w
spot,ACEUSDT,30m,2023-12-18T06:00:00Z,2024-10-01T13:00:00Z,13839,0,ACEUSDT-spot-30m
spot,ACEUSDT,4h,2023-12-18T04:00:00Z,2024-10-01T12:00:00Z,1731,0,ACEUSDT-spot-4h
spot,ACEUSDT,5m,2023-12-18T06:00:00Z,2024-10-01T13:20:00Z,83033,0,ACEUSDT-spot-5m
spot,ADAUSDT,15m,2019-12-31T23:00:00Z,2024-10-01T13:15:00Z,166465,0,ADAUSDT-spot-15m
spot,ADAUSDT,1M,2018-04-01T00:00:00Z,2024-10-01T00:00:00Z,79,0,ADAUSDT-spot-1M
spot,ADAUSDT,1d,2018-04-17T00:00:00Z,2024-10-01T00:00:00Z,2360,0,ADAUSDT-spot-1d
spot,ADAUSDT,1h,2018-04-17T04:00:00Z,2024-10-01T13:00:00Z,56538,0,ADAUSDT-spot-1h
spot,ADAUSDT,1w,2018-04-16T00:00:00Z,2024-09-30T00:00:00Z,338,0,ADAUSDT-spot-1w
spot,ADAUSDT,30m,2018-04-17T04:00:00Z,2024-10-01T13:00:00Z,113061,0,ADAUSDT-spot-30m
spot,ADAUSDT,4h,2018-04-17T04:00:00Z,2024-10-01T12:00:00Z,14148,0,ADAUSDT-spot-4h
spot,ADAUSDT,5m,2018-04-17T04:00:00Z,2024-10-01T13:20:00Z,678329,0,ADAUSDT-spot-5m
spot,AIUSDT,15m,2024-01-04T10:00:00Z,2024-10-01T13:15:00Z,26030,0,AIUSDT-spot-15m
spot,AIUSDT,1M,2024-01-01T00:00:00Z,2024-10-01T00:00:00Z,10,0,AIUSDT-spot-1M
spot,AIUSDT,1d,2024-01-04T00:00:00Z,2024-10-01T00:00:00Z,272,0,AIUSDT-spot-1d
spot,AIUSDT,1h,2024-01-04T10:00:00Z,2024-10-01T13:00:00Z,6508,0,AIUSDT-spot-1h
spot,AIUSDT,1w,2024-01-01T00:00:00Z,2024-09-30T00:00:00Z,40,0,AIUSDT-spot-1w
spot,AIUSDT,30m,2024-01-04T10:00:00Z,2024-10-01T13:00:00Z,13015,0,AIUSDT-spot-30m
spot,AIUSDT,4h,2024-01-04T08:00:00Z,2024-10-01T12:00:00Z,1628,0,AIUSDT-spot-4h
spot,AIUSDT,5m,2024-01-04T10:00:00Z,2024-10-01T13:25:00Z,78090,0,AIUSDT-spot-5m
spot,ALTUSDT,15m,2024-01-25T10:00:00Z,2024-10-01T13:15:00Z,24014,0,ALTUSDT-spot-15m
spot,ALTUSDT,1M,2024-01-01T00:00:00Z,2024-10-01T00:00:00Z,10,0,ALTUSDT-spot-1M
spot,ALTUSDT,1d,2024-01-25T00:00:00Z,2024-10-01T00:00:00Z,251,0,ALTUSDT-spot-1d
spot,ALTUSDT,1h,2024-01-25T10:00:00Z,2024-10-01T13:00:00Z,6004,0,ALTUSDT-spot-1h
spot,ALTUSDT,1w,2024-01-22T00:00:00Z,2024-09-30T00:00:00Z,37,0,ALTUSDT-spot-1w
spot,ALTUSDT,30m,2024-01-25T10:00:00Z,2024-10-01T13:00:00Z,12007,0,ALTUSDT-spot-30m
spot,ALTUSDT,4h,2024-01-25T08:00:00Z,2024-10-01T12:00:00Z,1502,0,ALTUSDT-spot-4h
spot,ALTUSDT,5m,2024-01-25T10:00:00Z,2024-10-01T13:25:00Z,72042,0,ALTUSDT-spot-5m
spot,ATOMUSDT,15m,2019-12-31T23:00:00Z,2024-10-01T13:15:00Z,166465,0,ATOMUSDT-spot-15m
spot,ATOMUSDT,1M,2019-04-01T00:00:00Z,2024-10-01T00:00:00Z,67,0,ATOMUSDT-spot-1M
spot,ATOMUSDT,1d,2019-04-29T00:00:00Z,2024-10-01T00:00:00Z,1983,0,ATOMUSDT-spot-1d
spot,ATOMUSDT,1h,2019-04-29T04:00:00Z,2024-10-01T13:00:00Z,47524,0,ATOMUSDT-spot-1h
spot,ATOMUSDT,1w,2019-04-29T00:00:00Z,2024-09-30T00:00:00Z,284,0,ATOMUSDT-spot-1w
spot,ATOMUSDT,30m,2019-04-29T04:00:00Z,2024-10-01T13:00:00Z,95036,0,ATOMUSDT-spot-30m
spot,ATOMUSDT,4h,2019-04-29T04:00:00Z,2024-10-01T12:00:00Z,11891,0,ATOMUSDT-spot-4h
spot,ATOMUSDT,5m,2019-04-29T04:00:00Z,2024-10-01T13:25:00Z,570184,0,ATOMUSDT-spot-5m
spot,AVAXUSDT,15m,2020-09-22T06:30:00Z,2024-10-01T13:15:00Z,141054,0,AVAXUSDT-spot-15m
spot,AVAXUSDT,1M,2020-09-01T00:00:00Z,2024-10-01T00:00:00Z,50,0,AVAXUSDT-spot-1M
spot,AVAXUSDT,1d,2020-09-22T00:00:00Z,2024-10-01T00:00:00Z,1471,0,AVAXUSDT-spot-1d
spot,AVAXUSDT,1h,2020-09-22T06:00:00Z,2024-10-01T13:00:00Z,35268,0,AVAXUSDT-spot-1h
spot,AVAXUSDT,1w,2020-09-21T00:00:00Z,2024-09-30T00:00:00Z,211,0,AVAXUSDT-spot-1w
spot,AVAXUSDT,30m,2020-09-22T06:30:00Z,2024-10-01T13:00:00Z,70529,0,AVAXUSDT-spot-30m
spot,AVAXUSDT,4h,2020-09-22T04:00:00Z,2024-10-01T12:00:00Z,8823,0,AVAXUSDT-spot-4h
spot,AVAXUSDT,5m,2020-09-22T06:30:00Z,2024-10-01T13:25:00Z,423157,0,AVAXUSDT-spot-5m
spot,BNBBTC,15m,2017-07-14T04:00:00Z,2024-10-01T13:15:00Z,252529,0,BNBBTC-spot-15m
spot,BNBBTC,1M,2017-07-01T00:00:00Z,2024-10-01T00:00:00Z,88,0,BNBBTC-spot-1M
spot,BNBBTC,1d,2017-07-14T00:00:00Z,2024-10-01T00:00:00Z,2637,0,BNBBTC-spot-1d
spot,BNBBTC,1h,2017-07-14T04:00:00Z,2024-10-01T13:00:00Z,63146,0,BNBBTC-spot-1h
spot,BNBBTC,1w,2017-07-10T00:00:00Z,2024-09-30T00:00:00Z,378,0,BNBBTC-spot-1w
spot,BNBBTC,30m,2017-07-14T04:00:00Z,2024-10-01T13:00:00Z,126272,0,BNBBTC-spot-30m
spot,BNBBTC,4h,2017-07-14T04:00:00Z,2024-10-01T12:00:00Z,15803,0,BNBBTC-spot-4h
spot,BNBBTC,5m,2017-07-14T04:00:00Z,2024-10-01T13:25:00Z,757567,0,BNBBTC-spot-5m
spot,BNBUSDT,15m,2019-12-31T23:00:00Z,2024-10-01T13:15:00Z,166465,0,BNBUSDT-spot-15m
spot,BNBUSDT,1M,2018-01-01T00:00:00Z,2024-10-01T00:00:00Z,82,0,BNBUSDT-spot-1M
spot,BNBUSDT,1d,2018-01-01T00:00:00Z,2024-10-01T00:00:00Z,2466,0,BNBUSDT-spot-1d
spot,BNBUSDT,1h,2021-01-18T20:00:00Z,2024-10-01T13:00:00Z,32428,0,BNBUSDT-spot-1h
spot,BNBUSDT,1w,2018-01-01T00:00:00Z,2024-09-30T00:00:00Z,353,0,BNBUSDT-spot-1w
spot,BNBUSDT,30m,2017-11-06T03:30:00Z,2024-10-01T13:00:00Z,120766,0,BNBUSDT-spot-30m
spot,BNBUSDT,4h,2018-01-01T00:00:00Z,2024-10-01T12:00:00Z,14778,0,BNBUSDT-spot-4h
spot,BNBUSDT,5m,2017-11-06T03:50:00Z,2024-10-01T13:25:00Z,724532,0,BNBUSDT-spot-5m
spot,BTCUSDT,15m,2017-12-31T23:00:00Z,2024-10-01T13:15:00Z,236166,0,BTCUSDT-spot-15m
spot,BTCUSDT,1M,2018-01-01T00:00:00Z,2024-02-01T00:00:00Z,74,0,BTCUSDT-spot-1M
spot,BTCUSDT,1d,2018-01-01T00:00:00Z,2024-10-01T00:00:00Z,2466,0,BTCUSDT-spot-1d
spot,BTCUSDT,1h,2017-12-31T23:00:00Z,2024-10-01T13:00:00Z,59053,0,BTCUSDT-spot-1h
spot,BTCUSDT,1m,2019-12-31T00:00:00Z,2024-10-01T13:26:00Z,2496861,0,BTCUSDT-spot-1m
spot,BTCUSDT,1w,2018-01-01T00:00:00Z,2024-09-30T00:00:00Z,353,0,BTCUSDT-spot-1w
spot,BTCUSDT,30m,2017-12-31T23:00:00Z,2024-10-01T13:00:00Z,118089,0,BTCUSDT-spot-30m
spot,BTCUSDT,3m,2023-01-31T23:00:00Z,2024-03-22T15:18:00Z,186542,0,BTCUSDT-spot-3m
spot,BTCUSDT,4h,2018-01-01T00:00:00Z,2024-10-01T12:00:00Z,14778,0,BTCUSDT-spot-4h
spot,BTCUSDT,5m,2017-12-31T23:00:00Z,2024-10-01T13:25:00Z,691493,0,BTCUSDT-spot-5m
spot,DOGEUSDT,15m,2019-12-31T23:00:00Z,2024-10-01T13:15:00Z,166465,0,DOGEUSDT-spot-15m
spot,DOGEUSDT,1M,2019-07-01T00:00:00Z,2024-10-01T00:00:00Z,64,0,DOGEUSDT-spot-1M
spot,DOGEUSDT,1d,2019-07-05T00:00:00Z,2024-10-01T00:00:00Z,1916,0,DOGEUSDT-spot-1d
spot,DOGEUSDT,1h,2019-07-05T12:00:00Z,2024-10-01T13:00:00Z,45918,0,DOGEUSDT-spot-1h
spot,DOGEUSDT,1w,2019-07-01T00:00:00Z,2024-09-30T00:00:00Z,275,0,DOGEUSDT-spot-1w
spot,DOGEUSDT,30m,2019-07-05T12:00:00Z,2024-10-01T13:00:00Z,91825,0,DOGEUSDT-spot-30m
spot,DOGEUSDT,4h,2019-07-05T12:00:00Z,2024-10-01T12:00:00Z,11489,0,DOGEUSDT-spot-4h
spot,DOGEUSDT,5m,2019-07-05T12:00:00Z,2024-10-01T13:25:00Z,550924,0,DOGEUSDT-spot-5m
spot,DYMUSDT,15m,2024-02-06T17:00:00Z,2024-10-01T13:15:00Z,22834,0,DYMUSDT-spot-15m
spot,DYMUSDT,1M,2024-02-01T00:00:00Z,2024-10-01T00:00:00Z,9,0,DYMUSDT-spot-1M
spot,DYMUSDT,1d,2024-02-06T00:00:00Z,2024-10-01T00:00:00Z,239,0,DYMUSDT-spot-1d
spot,DYMUSDT,1h,2024-02-06T17:00:00Z,2024-10-01T13:00:00Z,5709,0,DYMUSDT-spot-1h
spot,DYMUSDT,1w,2024-02-05T00:00:00Z,2024-09-30T00:00:00Z,35,0,DYMUSDT-spot-1w
spot,DYMUSDT,30m,2024-02-06T17:00:00Z,2024-10-01T13:00:00Z,11417,0,DYMUSDT-spot-30m
spot,DYMUSDT,4h,2024-02-06T16:00:00Z,2024-10-01T12:00:00Z,1428,0,DYMUSDT-spot-4h
spot,DYMUSDT,5m,2024-02-06T17:00:00Z,2024-10-01T13:25:00Z,68502,0,DYMUSDT-spot-5m
spot,EDUUSDT,15m,2023-04-28T22:00:00Z,2024-10-01T13:15:00Z,50078,0,EDUUSDT-spot-15m
spot,EDUUSDT,1M,2023-10-01T00:00:00Z,2023-10-01T00:00:00Z,1,0,EDUUSDT-spot-1M
spot,EDUUSDT,1d,2023-04-29T00:00:00Z,2024-10-01T00:00:00Z,522,0,EDUUSDT-spot-1d
spot,EDUUSDT,1h,2023-04-28T22:00:00Z,2024-10-01T13:00:00Z,12520,0,EDUUSDT-spot-1h
spot,EDUUSDT,1m,2023-10-01T00:00:00Z,2024-10-01T13:27:00Z,527848,0,EDUUSDT-spot-1m
spot,EDUUSDT,1w,2023-04-24T00:00:00Z,2024-09-30T00:00:00Z,76,0,EDUUSDT-spot-1w
spot,EDUUSDT,30m,2023-04-28T22:00:00Z,2024-10-01T13:00:00Z,25039,0,EDUUSDT-spot-30m
spot,EDUUSDT,4h,2023-04-29T00:00:00Z,2024-10-01T12:00:00Z,3130,0,EDUUSDT-spot-4h
spot,EDUUSDT,5m,2023-04-28T22:00:00Z,2024-10-01T13:25:00Z,150234,0,EDUUSDT-spot-5m
spot,EGLDUSDT,15m,2020-09-03T03:00:00Z,2024-10-01T13:15:00Z,142892,0,EGLDUSDT-spot-15m
spot,EGLDUSDT,1M,2020-09-01T00:00:00Z,2024-10-01T00:00:00Z,50,0,EGLDUSDT-spot-1M
spot,EGLDUSDT,1d,2020-09-03T00:00:00Z,2024-10-01T00:00:00Z,1490,0,EGLDUSDT-spot-1d
spot,EGLDUSDT,1h,2020-09-03T03:00:00Z,2024-10-01T13:00:00Z,35727,0,EGLDUSDT-spot-1h
spot,EGLDUSDT,1w,2020-08-31T00:00:00Z,2024-09-30T00:00:00Z,214,0,EGLDUSDT-spot-1w
spot,EGLDUSDT,30m,2020-09-03T03:00:00Z,2024-10-01T13:00:00Z,71448,0,EGLDUSDT-spot-30m
spot,EGLDUSDT,4h,2020-09-03T00:00:00Z,2024-10-01T12:00:00Z,8938,0,EGLDUSDT-spot-4h
spot,EGLDUSDT,5m,2020-09-03T03:00:00Z,2024-10-01T13:25:00Z,428671,0,EGLDUSDT-spot-5m
spot,ETHBTC,15m,2017-07-14T04:00:00Z,2024-10-01T13:15:00Z,252529,0,ETHBTC-spot-15m
spot,ETHBTC,1M,2017-07-01T00:00:00Z,2024-10-01T00:00:00Z,88,0,ETHBTC-spot-1M
spot,ETHBTC,1d,2017-07-14T00:00:00Z,2024-10-01T00:00:00Z,2637,0,ETHBTC-spot-1d
spot,ETHBTC,1h,2017-07-14T04:00:00Z,2024-10-01T13:00:00Z,63146,0,ETHBTC-spot-1h
spot,ETHBTC,1w,2017-07-10T00:00:00Z,2024-09-30T00:00:00Z,378,0,ETHBTC-spot-1w
spot,ETHBTC,30m,2017-07-14T04:00:00Z,2024-10-01T13:00:00Z,126272,0,ETHBTC-spot-30m
spot,ETHBTC,4h,2017-07-14T04:00:00Z,2024-10-01T12:00:00Z,15803,0,ETHBTC-spot-4h
spot,ETHBTC,5m,2017-07-14T04:00:00Z,2024-10-01T13:25:00Z,757567,0,ETHBTC-spot-5m
spot,ETHUSDT,15m,2019-12-31T23:00:00Z,2024-10-01T13:15:00Z,166465,0,ETHUSDT-spot-15m
spot,ETHUSDT,1M,2018-01-01T00:00:00Z,2024-10-01T00:00:00Z,82,0,ETHUSDT-spot-1M
spot,ETHUSDT,1d,2018-01-01T00:00:00Z,2024-10-01T00:00:00Z,2466,0,ETHUSDT-spot-1d
spot,ETHUSDT,1h,2021-01-18T20:00:00Z,2024-10-01T13:00:00Z,32428,0,ETHUSDT-spot-1h
spot,ETHUSDT,1w,2018-01-01T00:00:00Z,2024-09-30T00:00:00Z,353,0,ETHUSDT-spot-1w
spot,ETHUSDT,30m,2017-08-17T04:00:00Z,2024-10-01T13:00:00Z,124640,0,ETHUSDT-spot-30m
spot,ETHUSDT,4h,2018-01-01T00:00:00Z,2024-10-01T12:00:00Z,14778,0,ETHUSDT-spot-4h
spot,ETHUSDT,5m,2017-08-17T04:00:00Z,2024-10-01T13:25:00Z,747775,0,ETHUSDT-spot-5m
spot,INJUSDT,15m,2020-10-21T04:00:00Z,2024-10-01T13:15:00Z,138280,0,INJUSDT-spot-15m
spot,INJUSDT,1M,2020-10-01T00:00:00Z,2024-10-01T00:00:00Z,49,0,INJUSDT-spot-1M
spot,INJUSDT,1d,2020-10-21T00:00:00Z,2024-10-01T00:00:00Z,1442,0,INJUSDT-spot-1d
spot,INJUSDT,1h,2020-10-21T04:00:00Z,2024-10-01T13:00:00Z,34574,0,INJUSDT-spot-1h
spot,INJUSDT,1w,2020-10-19T00:00:00Z,2024-09-30T00:00:00Z,207,0,INJUSDT-spot-1w
spot,INJUSDT,30m,2020-10-21T04:00:00Z,2024-10-01T13:00:00Z,69142,0,INJUSDT-spot-30m
spot,INJUSDT,4h,2020-10-21T04:00:00Z,2024-10-01T12:00:00Z,8649,0,INJUSDT-spot-4h
spot,INJUSDT,5m,2020-10-21T04:00:00Z,2024-10-01T13:25:00Z,414835,0,INJUSDT-spot-5m
spot,JUPUSDT,15m,2024-01-31T16:00:00Z,2024-10-01T13:15:00Z,23414,0,JUPUSDT-spot-15m
spot,JUPUSDT,1M,2024-01-01T00:00:00Z,2024-10-01T00:00:00Z,10,0,JUPUSDT-spot-1M
spot,JUPUSDT,1d,2024-01-31T00:00:00Z,2024-10-01T00:00:00Z,245,0,JUPUSDT-spot-1d
spot,JUPUSDT,1h,2024-01-31T16:00:00Z,2024-10-01T13:00:00Z,5854,0,JUPUSDT-spot-1h
spot,JUPUSDT,1w,2024-01-29T00:00:00Z,2024-09-30T00:00:00Z,36,0,JUPUSDT-spot-1w
spot,JUPUSDT,30m,2024-01-31T16:00:00Z,2024-10-01T13:00:00Z,11707,0,JUPUSDT-spot-30m
spot,JUPUSDT,4h,2024-01-31T16:00:00Z,2024-10-01T12:00:00Z,1464,0,JUPUSDT-spot-4h
spot,JUPUSDT,5m,2024-01-31T16:00:00Z,2024-10-01T13:25:00Z,70242,0,JUPUSDT-spot-5m
spot,MANTAUSDT,15m,2024-01-18T10:00:00Z,2024-10-01T13:15:00Z,24686,0,MANTAUSDT-spot-15m
spot,MANTAUSDT,1M,2024-01-01T00:00:00Z,2024-10-01T00:00:00Z,10,0,MANTAUSDT-spot-1M
spot,MANTAUSDT,1d,2024-01-18T00:00:00Z,2024-10-01T00:00:00Z,258,0,MANTAUSDT-spot-1d
spot,MANTAUSDT,1h,2024-01-18T10:00:00Z,2024-10-01T13:00:00Z,6172,0,MANTAUSDT-spot-1h
spot,MANTAUSDT,1w,2024-01-15T00:00:00Z,2024-09-30T00:00:00Z,38,0,MANTAUSDT-spot-1w
spot,MANTAUSDT,30m,2024-01-18T10:00:00Z,2024-10-01T13:00:00Z,12343,0,MANTAUSDT-spot-30m
spot,MANTAUSDT,4h,2024-01-18T08:00:00Z,2024-10-01T12:00:00Z,1544,0,MANTAUSDT-spot-4h
spot,MANTAUSDT,5m,2024-01-18T10:00:00Z,2024-10-01T13:25:00Z,74058,0,MANTAUSDT-spot-5m
spot,MATICBTC,15m,2019-04-26T15:00:00Z,2024-09-10T02:45:00Z,188250,0,MATICBTC-spot-15m
spot,MATICBTC,1M,2019-04-01T00:00:00Z,2024-09-01T00:00:00Z,66,0,MATICBTC-spot-1M
spot,MATICBTC,1d,2019-04-26T00:00:00Z,2024-09-10T00:00:00Z,1965,0,MATICBTC-spot-1d
spot,MATICBTC,1h,2019-04-26T15:00:00Z,2024-09-10T02:00:00Z,47070,0,MATICBTC-spot-1h
spot,MATICBTC,1w,2019-04-22T00:00:00Z,2024-09-09T00:00:00Z,282,0,MATICBTC-spot-1w
spot,MATICBTC,30m,2019-04-26T15:00:00Z,2024-09-10T02:30:00Z,94129,0,MATICBTC-spot-30m
spot,MATICBTC,4h,2019-04-26T12:00:00Z,2024-09-10T00:00:00Z,11778,0,MATICBTC-spot-4h
spot,MATICBTC,5m,2019-04-26T15:00:00Z,2024-09-10T02:55:00Z,564742,0,MATICBTC-spot-5m
spot,MATICUSDT,15m,2019-12-31T23:00:00Z,2024-09-10T02:45:00Z,164407,0,MATICUSDT-spot-15m
spot,MATICUSDT,1M,2019-04-01T00:00:00Z,2024-09-01T00:00:00Z,66,0,MATICUSDT-spot-1M
spot,MATICUSDT,1d,2019-04-26T00:00:00Z,2024-09-10T00:00:00Z,1965,0,MATICUSDT-spot-1d
spot,MATICUSDT,1h,2019-04-26T15:00:00Z,2024-09-10T02:00:00Z,47070,0,MATICUSDT-spot-1h
spot,MATICUSDT,1w,2019-04-22T00:00:00Z,2024-09-09T00:00:00Z,282,0,MATICUSDT-spot-1w
spot,MATICUSDT,30m,2019-04-26T15:00:00Z,2024-09-10T02:30:00Z,94129,0,MATICUSDT-spot-30m
spot,MATICUSDT,4h,2019-04-26T12:00:00Z,2024-09-10T00:00:00Z,11778,0,MATICUSDT-spot-4h
spot,MATICUSDT,5m,2019-04-26T15:00:00Z,2024-09-10T02:55:00Z,564742,0,MATICUSDT-spot-5m
spot,NFPUSDT,15m,2023-12-27T10:00:00Z,2024-10-01T13:15:00Z,26798,0,NFPUSDT-spot-15m
spot,NFPUSDT,1M,2023-12-01T00:00:00Z,2024-10-01T00:00:00Z,11,0,NFPUSDT-spot-1M
spot,NFPUSDT,1d,2023-12-27T00:00:00Z,2024-10-01T00:00:00Z,280,0,NFPUSDT-spot-1d
spot,NFPUSDT,1h,2023-12-27T10:00:00Z,2024-10-01T13:00:00Z,6700,0,NFPUSDT-spot-1h
spot,NFPUSDT,1w,2023-12-25T00:00:00Z,2024-09-30T00:00:00Z,41,0,NFPUSDT-spot-1w
spot,NFPUSDT,30m,2023-12-27T10:00:00Z,2024-10-01T13:00:00Z,13399,0,NFPUSDT-spot-30m
spot,NFPUSDT,4h,2023-12-27T08:00:00Z,2024-10-01T12:00:00Z,1676,0,NFPUSDT-spot-4h
spot,NFPUSDT,5m,2023-12-27T10:00:00Z,2024-10-01T13:25:00Z,80394,0,NFPUSDT-spot-5m
spot,PYTHUSDT,1m,2024-02-02T12:00:00Z,2024-10-01T13:29:00Z,348570,0,PYTHUSDT-spot-1m
spot,SEIUSDT,15m,2023-08-15T12:00:00Z,2024-10-01T13:30:00Z,39655,0,SEIUSDT-spot-15m
spot,SEIUSDT,1M,2023-08-01T00:00:00Z,2024-10-01T00:00:00Z,15,0,SEIUSDT-spot-1M
spot,SEIUSDT,1d,2023-08-15T00:00:00Z,2024-10-01T00:00:00Z,414,0,SEIUSDT-spot-1d
spot,SEIUSDT,1h,2023-08-15T12:00:00Z,2024-10-01T13:00:00Z,9914,0,SEIUSDT-spot-1h
spot,SEIUSDT,1w,2023-08-14T00:00:00Z,2024-09-30T00:00:00Z,60,0,SEIUSDT-spot-1w
spot,SEIUSDT,30m,2023-08-15T12:00:00Z,2024-10-01T13:30:00Z,19828,0,SEIUSDT-spot-30m
spot,SEIUSDT,4h,2023-08-15T12:00:00Z,2024-10-01T12:00:00Z,2479,0,SEIUSDT-spot-4h
spot,SEIUSDT,5m,2023-08-15T12:00:00Z,2024-10-01T13:30:00Z,118963,0,SEIUSDT-spot-5m
spot,SOLBTC,15m,2020-04-10T04:00:00Z,2024-10-01T13:30:00Z,156881,0,SOLBTC-spot-15m
spot,SOLBTC,1M,2020-04-01T00:00:00Z,2024-10-01T00:00:00Z,55,0,SOLBTC-spot-1M
spot,SOLBTC,1d,2020-04-10T00:00:00Z,2024-10-01T00:00:00Z,1636,0,SOLBTC-spot-1d
spot,SOLBTC,1h,2020-04-10T04:00:00Z,2024-10-01T13:00:00Z,39225,0,SOLBTC-spot-1h
spot,SOLBTC,1w,2020-04-06T00:00:00Z,2024-09-30T00:00:00Z,235,0,SOLBTC-spot-1w
spot,SOLBTC,30m,2020-04-10T04:00:00Z,2024-10-01T13:30:00Z,78443,0,SOLBTC-spot-30m
spot,SOLBTC,4h,2020-04-10T04:00:00Z,2024-10-01T12:00:00Z,9813,0,SOLBTC-spot-4h
spot,SOLBTC,5m,2020-04-10T04:00:00Z,2024-10-01T13:30:00Z,470636,0,SOLBTC-spot-5m
spot,SOLUSDT,15m,2020-08-11T06:00:00Z,2024-10-01T13:30:00Z,145089,0,SOLUSDT-spot-15m
spot,SOLUSDT,1M,2020-08-01T00:00:00Z,2024-10-01T00:00:00Z,51,0,SOLUSDT-spot-1M
spot,SOLUSDT,1d,2020-08-11T00:00:00Z,2024-10-01T00:00:00Z,1513,0,SOLUSDT-spot-1d
spot,SOLUSDT,1h,2020-08-11T06:00:00Z,2024-10-01T13:00:00Z,36276,0,SOLUSDT-spot-1h
spot,SOLUSDT,1w,2020-08-10T00:00:00Z,2024-09-30T00:00:00Z,217,0,SOLUSDT-spot-1w
spot,SOLUSDT,30m,2020-08-11T06:00:00Z,2024-10-01T13:30:00Z,72547,0,SOLUSDT-spot-30m
spot,SOLUSDT,4h,2020-08-11T04:00:00Z,2024-10-01T12:00:00Z,9075,0,SOLUSDT-spot-4h
spot,SOLUSDT,5m,2020-08-11T06:00:00Z,2024-10-01T13:30:00Z,435260,0,SOLUSDT-spot-5m
spot,SUIUSDT,15m,2023-05-03T12:00:00Z,2024-10-01T13:30:00Z,49639,0,SUIUSDT-spot-15m
spot,SUIUSDT,1M,2023-05-01T00:00:00Z,2024-10-01T00:00:00Z,18,0,SUIUSDT-spot-1M
spot,SUIUSDT,1d,2023-05-03T00:00:00Z,2024-10-01T00:00:00Z,518,0,SUIUSDT-spot-1d
spot,SUIUSDT,1h,2023-05-03T12:00:00Z,2024-10-01T13:00:00Z,12410,0,SUIUSDT-spot-1h
spot,SUIUSDT,1w,2023-05-01T00:00:00Z,2024-09-30T00:00:00Z,75,0,SUIUSDT-spot-1w
spot,SUIUSDT,30m,2023-05-03T12:00:00Z,2024-10-01T13:30:00Z,24820,0,SUIUSDT-spot-30m
spot,SUIUSDT,4h,2023-05-03T12:00:00Z,2024-10-01T12:00:00Z,3103,0,SUIUSDT-spot-4h
spot,SUIUSDT,5m,2023-05-03T12:00:00Z,2024-10-01T13:30:00Z,148915,0,SUIUSDT-spot-5m
spot,TIAUSDT,15m,2023-10-31T16:00:00Z,2024-10-01T13:30:00Z,32247,0,TIAUSDT-spot-15m
spot,TIAUSDT,1M,2023-10-01T00:00:00Z,2024-10-01T00:00:00Z,13,0,TIAUSDT-spot-1M
spot,TIAUSDT,1d,2023-10-31T00:00:00Z,2024-10-01T00:00:00Z,337,0,TIAUSDT-spot-1d
spot,TIAUSDT,1h,2023-10-31T16:00:00Z,2024-10-01T13:00:00Z,8062,0,TIAUSDT-spot-1h
spot,TIAUSDT,1w,2023-10-30T00:00:00Z,2024-09-30T00:00:00Z,49,0,TIAUSDT-spot-1w
spot,TIAUSDT,30m,2023-10-31T16:00:00Z,2024-10-01T13:30:00Z,16124,0,TIAUSDT-spot-30m
spot,TIAUSDT,4h,2023-10-31T16:00:00Z,2024-10-01T12:00:00Z,2016,0,TIAUSDT-spot-4h
spot,TIAUSDT,5m,2023-10-31T16:00:00Z,2024-10-01T13:30:00Z,96739,0,TIAUSDT-spot-5m
spot,WLDUSDT,15m,2023-07-24T09:00:00Z,2024-10-01T13:30:00Z,41779,0,WLDUSDT-spot-15m
spot,WLDUSDT,1M,2023-07-01T00:00:00Z,2024-01-01T00:00:00Z,8,0,WLDUSDT-spot-1M
spot,WLDUSDT,1d,2023-07-24T00:00:00Z,2024-10-01T00:00:00Z,436,0,WLDUSDT-spot-1d
spot,WLDUSDT,1h,2023-07-24T09:00:00Z,2024-10-01T13:00:00Z,10445,0,WLDUSDT-spot-1h
spot,WLDUSDT,1m,2023-07-01T00:00:00Z,2024-10-01T13:31:00Z,395378,0,WLDUSDT-spot-1m
spot,WLDUSDT,1w,2023-07-24T00:00:00Z,2024-09-30T00:00:00Z,63,0,WLDUSDT-spot-1w
spot,WLDUSDT,30m,2023-07-24T09:00:00Z,2024-10-01T13:30:00Z,20890,0,WLDUSDT-spot-30m
spot,WLDUSDT,4h,2023-07-24T08:00:00Z,2024-10-01T12:00:00Z,2612,0,WLDUSDT-spot-4h
spot,WLDUSDT,5m,2023-07-24T09:00:00Z,2024-10-01T13:30:00Z,125335,0,WLDUSDT-spot-5m
spot,XAIUSDT,15m,2024-01-09T10:00:00Z,2024-10-01T13:30:00Z,25551,0,XAIUSDT-spot-15m
spot,XAIUSDT,1M,2024-01-01T00:00:00Z,2024-10-01T00:00:00Z,10,0,XAIUSDT-spot-1M
spot,XAIUSDT,1d,2024-01-09T00:00:00Z,2024-10-01T00:00:00Z,267,0,XAIUSDT-spot-1d
spot,XAIUSDT,1h,2024-01-09T10:00:00Z,2024-10-01T13:00:00Z,6388,0,XAIUSDT-spot-1h
spot,XAIUSDT,1w,2024-01-08T00:00:00Z,2024-09-30T00:00:00Z,39,0,XAIUSDT-spot-1w
spot,XAIUSDT,30m,2024-01-09T10:00:00Z,2024-10-01T13:30:00Z,12776,0,XAIUSDT-spot-30m
spot,XAIUSDT,4h,2024-01-09T08:00:00Z,2024-10-01T12:00:00Z,1598,0,XAIUSDT-spot-4h
spot,XAIUSDT,5m,2024-01-09T10:00:00Z,2024-10-01T13:30:00Z,76651,0,XAIUSDT-spot-5m
spot,XRPUSDT,15m,2019-12-31T23:00:00Z,2024-10-01T13:30:00Z,166466,0,XRPUSDT-spot-15m
spot,XRPUSDT,1M,2018-05-01T00:00:00Z,2024-10-01T00:00:00Z,78,0,XRPUSDT-spot-1M
spot,XRPUSDT,1d,2018-05-04T00:00:00Z,2024-10-01T00:00:00Z,2343,0,XRPUSDT-spot-1d
spot,XRPUSDT,1h,2018-05-04T08:00:00Z,2024-10-01T13:00:00Z,56126,0,XRPUSDT-spot-1h
spot,XRPUSDT,1w,2018-04-30T00:00:00Z,2024-09-30T00:00:00Z,336,0,XRPUSDT-spot-1w
spot,XRPUSDT,30m,2018-05-04T08:00:00Z,2024-10-01T13:30:00Z,112238,0,XRPUSDT-spot-30m
spot,XRPUSDT,4h,2018-05-04T08:00:00Z,2024-10-01T12:00:00Z,14045,0,XRPUSDT-spot-4h
spot,XRPUSDT,5m,2018-05-04T08:10:00Z,2024-10-01T13:30:00Z,673385,0,XRPUSDT-spot-5m
